Magnitude, Longitude, Latitude, Depth, Year, Month, Day, Error
5.7, -96.63, 34.45, 0, 1882, 10, 22, 0.
2.68, -96.800, 36.000, 0, 1900, 12, 1, 0.500
1.35, -96.800, 36.000, 0, 1901, 04, 01, 0.500
1.35, -96.800, 36.000, 0, 1901, 04, 08, 0.500
2.02, -97.700, 35.700, 0, 1908, 07, 19, 0.500
1.35, -98.000, 35.500, 0, 1910, 1, 1, 0.500
3.45, -95.300, 35.700, 0, 1915, 10, 08, 0.333
1.35, -95.800, 36.200, 0, 1915, 11, 08, 0.500
2.35, -97.700, 35.500, 0, 1918, 1, 1, 0.500
2.94, -98.000, 35.500, 0, 1918, 09, 10, 0.333
3.30, -98.000, 35.500, 0, 1918, 09, 11, 0.
3.39, -98.000, 35.500, 5, 1918, 09, 11, 0.192
2.94, -97.900, 35.500, 0, 1918, 09, 11, 0.333
1.68, -97.900, 35.500, 0, 1918, 09, 11, 0.500
2.02, -96.500, 36.300, 0, 1924, 06, 03, 0.500
3.96, -94.900, 35.600, 0, 1926, 01, 20, 0.333
3.96, -94.900, 35.600, 0, 1926, 06, 20, 0.333
3.64, -97.900, 35.500, 0, 1929, 12, 28, 0.333
2.78, -98.000, 35.500, 0, 1933, 08, 19, 0.220
3.45, -95.500, 33.900, 0, 1934, 04, 11, 0.220
3.90, -95.500, 33.900, 0, 1934, 04, 12, 0.
3.13, -95.200, 34.000, 0, 1936, 03, 14, 0.220
2.78, -102.900, 36.900, 0, 1936, 07, 12, 0.220
3.15, -96.900, 35.300, 0, 1937, 06, 08, 0.220
4.05, -96.400, 35.000, 0, 1939, 06, 01, 0.220
2.62, -99.000, 35.400, 0, 1941, 10, 18, 0.220
3.27, -97.900, 36.400, 0, 1942, 06, 12, 0.220
3.16, -97.900, 36.400, 5, 1942, 06, 12, 0.213
4.9, -97.92, 35.80, 0, 1952, 04, 09, 0.
2.88, -97.800, 35.400, 0, 1952, 04, 11, 0.240
3.45, -97.800, 35.400, 0, 1952, 04, 11, 0.220
3.45, -97.800, 35.400, 0, 1952, 04, 16, 0.220
3.45, -97.800, 35.400, 0, 1952, 04, 16, 0.220
3.48, -97.800, 35.400, 0, 1952, 06, 16, 0.240
3.28, -97.800, 35.400, 0, 1952, 07, 17, 0.240
3.28, -97.800, 35.400, 0, 1952, 07, 17, 0.240
3.48, -97.800, 35.400, 0, 1952, 08, 14, 0.240
3.48, -96.500, 35.100, 0, 1952, 10, 08, 0.240
3.08, -97.900, 35.400, 0, 1953, 03, 16, 0.240
3.42, -98.000, 35.600, 0, 1953, 03, 17, 0.220
3.42, -98.000, 35.600, 0, 1953, 03, 17, 0.220
3.48, -96.700, 34.700, 0, 1953, 06, 06, 0.240
2.65, -96.400, 35.100, 5, 1954, 04, 01, 0.515
3.48, -96.400, 35.000, 0, 1954, 04, 11, 0.240
3.48, -96.400, 35.000, 0, 1954, 04, 12, 0.240
3.48, -96.400, 35.100, 0, 1954, 04, 13, 0.240
3.58, -97.300, 35.400, 0, 1956, 02, 16, 0.220
3.32, -95.600, 34.200, 0, 1956, 04, 02, 0.220
4.39, -95.900, 36.200, 0, 1956, 10, 30, 0.35
3.58, -96.700, 34.700, 0, 1959, 06, 15, 0.220
3.86, -98.060, 34.640, 5, 1959, 06, 17, 0.220
3.62, -96.700, 34.800, 5, 1959, 07, 15, 0.206
3.48, -95.500, 34.900, 0, 1961, 01, 11, 0.240
3.48, -95.000, 34.600, 0, 1961, 04, 26, 0.240
2.68, -95.000, 34.600, 0, 1961, 04, 27, 0.240
2.68, -95.000, 34.600, 0, 1961, 04, 27, 0.240
3.78, -95.300, 34.900, 0, 1961, 04, 27, 0.240
2.98, -98.600, 35.300, 0, 1962, 04, 28, 0.240
2.85, -95.400, 35.100, 0, 1962, 05, 18, 0.250
3.31, -97.400, 34.800, 0, 1962, 08, 10, 0.250
3.00, -96.000, 35.200, 0, 1962, 09, 01, 0.250
3.31, -98.400, 34.700, 0, 1962, 09, 07, 0.250
3.08, -98.500, 35.000, 0, 1962, 10, 23, 0.250
3.00, -98.200, 34.700, 0, 1963, 02, 02, 0.250
2.78, -95.900, 34.600, 0, 1963, 03, 13, 0.240
3.15, -96.400, 34.300, 0, 1963, 05, 07, 0.250
2.77, -96.800, 34.700, 0, 1963, 06, 05, 0.250
2.85, -96.800, 34.700, 0, 1963, 06, 12, 0.250
2.85, -97.700, 35.000, 0, 1963, 07, 14, 0.250
2.26, -99.100, 35.100, 5, 1964, 02, 02, 0.221
3.88, -99.700, 35.100, 0, 1964, 02, 02, 0.240
2.78, -97.700, 36.100, 0, 1965, 10, 10, 0.240
3.48, -95.550, 34.850, 0, 1968, 01, 04, 0.240
2.30, -96.400, 34.000, 0, 1968, 10, 11, 0.
1.90, -96.400, 34.000, 0, 1968, 10, 11, 0.
2.80, -96.400, 34.000, 0, 1968, 10, 11, 0.
2.40, -96.400, 34.000, 0, 1968, 10, 11, 0.
2.28, -96.400, 34.000, 0, 1968, 10, 12, 0.240
3.18, -96.800, 34.000, 0, 1968, 10, 14, 0.240
2.48, -96.400, 34.000, 0, 1968, 10, 18, 0.240
2.60, -96.800, 34.000, 0, 1968, 11, 15, 0.
3.18, -96.300, 34.200, 0, 1969, 04, 13, 0.240
2.98, -96.310, 35.290, 8, 1969, 05, 02, 0.240
2.68, -97.800, 34.800, 0, 1969, 05, 30, 0.240
2.77, -94.900, 35.100, 0, 1971, 03, 01, 0.250
2.38, -95.800, 35.200, 0, 1971, 03, 13, 0.240
2.38, -98.000, 36.400, 0, 1973, 01, 10, 0.240
2.78, -94.700, 35.000, 0, 1973, 11, 18, 0.240
2.20, -97.030, 36.800, 5, 1974, 01, 03, 0.173
2.28, -97.300, 34.200, 0, 1974, 05, 10, 0.240
2.70, -96.700, 34.800, 0, 1974, 11, 10, 0.
2.02, -97.470, 35.400, 15, 1974, 12, 16, 0.500
2.90, -95.300, 35.600, 0, 1975, 03, 31, 0.
2.90, -96.500, 34.200, 0, 1975, 06, 16, 0.
2.88, -97.220, 34.130, 5, 1975, 09, 13, 0.240
2.88, -97.700, 35.500, 5, 1975, 10, 12, 0.240
2.70, -96.800, 35.300, 0, 1975, 10, 30, 0.
3.18, -97.420, 34.680, 14, 1975, 11, 29, 0.240
2.18, -97.400, 34.100, 0, 1975, 12, 19, 0.240
2.68, -95.600, 35.430, 5, 1976, 03, 16, 0.500
1.78, -102.250, 36.680, 0, 1976, 03, 30, 0.240
3.35, -102.250, 36.680, 5, 1976, 03, 30, 0.500
2.38, -102.250, 36.680, 5, 1976, 03, 30, 0.240
3.08, -99.840, 36.160, 14, 1976, 04, 16, 0.240
2.08, -97.400, 34.100, 0, 1976, 04, 17, 0.240
3.18, -99.790, 36.040, 8, 1976, 04, 19, 0.240
2.38, -97.400, 34.100, 0, 1976, 06, 23, 0.240
1.40, -97.400, 34.100, 0, 1976, 06, 24, 0.
2.02, -97.400, 34.160, 0, 1976, 09, 20, 0.500
2.18, -96.120, 34.750, 0, 1976, 10, 20, 0.240
2.68, -97.060, 35.380, 5, 1976, 10, 22, 0.240
2.68, -97.060, 36.380, 0, 1976, 10, 22, 0.240
2.58, -95.730, 34.920, 5, 1976, 12, 19, 0.240
1.88, -96.730, 34.700, 5, 1977, 01, 06, 0.240
1.58, -97.370, 34.060, 5, 1977, 02, 04, 0.240
1.58, -97.370, 34.060, 5, 1977, 02, 10, 0.240
2.41, -96.625, 34.994, 5, 1977, 03, 12, 0.147
2.02, -97.370, 34.060, 5, 1977, 03, 26, 0.500
1.58, -97.360, 34.040, 5, 1977, 06, 16, 0.240
2.24, -97.444, 33.909, 5, 1977, 06, 16, 0.313
2.18, -96.960, 34.190, 5, 1977, 06, 30, 0.240
2.18, -95.240, 33.950, 5, 1977, 09, 12, 0.240
2.22, -99.003, 34.535, 5, 1978, 02, 21, 0.150
2.27, -96.278, 35.086, 5, 1978, 03, 03, 0.149
2.58, -95.000, 34.700, 7, 1978, 03, 05, 0.240
2.28, -97.380, 34.010, 5, 1978, 03, 09, 0.240
2.36, -96.057, 34.635, 5, 1978, 04, 02, 0.148
1.98, -97.910, 35.530, 5, 1978, 05, 17, 0.240
2.38, -97.950, 35.500, 5, 1978, 05, 18, 0.240
1.78, -97.830, 35.600, 5, 1978, 05, 18, 0.240
2.53, -99.935, 36.073, 5, 1978, 08, 06, 0.148
2.23, -97.866, 35.519, 5, 1978, 09, 26, 0.189
2.26, -97.477, 33.883, 5, 1978, 09, 27, 0.192
2.28, -97.380, 34.920, 5, 1979, 01, 29, 0.240
2.18, -97.160, 34.670, 5, 1979, 02, 04, 0.240
1.70, -97.850, 35.420, 5, 1979, 03, 13, 0.
2.68, -97.830, 35.500, 5, 1979, 03, 14, 0.500
3.35, -97.780, 35.520, 5, 1979, 03, 14, 0.500
2.22, -98.108, 35.418, 5, 1979, 03, 18, 0.191
2.26, -98.155, 35.418, 5, 1979, 03, 18, 0.192
2.18, -98.110, 35.420, 5, 1979, 03, 18, 0.240
2.58, -98.120, 35.380, 5, 1979, 03, 18, 0.240
2.18, -98.110, 35.390, 5, 1979, 03, 18, 0.240
2.02, -97.450, 34.100, 5, 1979, 03, 18, 0.500
2.18, -98.110, 35.400, 5, 1979, 03, 19, 0.240
2.24, -97.440, 34.022, 5, 1979, 03, 23, 0.313
2.02, -97.470, 34.030, 4, 1979, 05, 22, 0.500
2.68, -99.760, 35.220, 2, 1979, 06, 07, 0.240
2.29, -97.978, 35.705, 5, 1979, 07, 04, 0.189
2.18, -97.510, 36.070, 5, 1979, 07, 24, 0.240
2.38, -97.550, 33.970, 5, 1979, 07, 25, 0.240
2.18, -97.300, 36.090, 5, 1979, 07, 31, 0.240
3.08, -99.470, 35.190, 1, 1979, 09, 13, 0.240
2.18, -98.000, 35.340, 5, 1979, 09, 16, 0.240
2.18, -97.970, 35.320, 5, 1979, 09, 17, 0.240
2.23, -96.432, 34.502, 5, 1979, 10, 21, 0.149
2.98, -98.410, 35.630, 5, 1979, 11, 27, 0.240
2.18, -97.350, 33.990, 5, 1979, 12, 09, 0.240
2.50, -98.740, 35.160, 5, 1979, 12, 16, 0.
2.02, -97.450, 34.050, 5, 1980, 02, 05, 0.500
1.98, -97.450, 34.050, 5, 1980, 02, 15, 0.240
2.28, -97.644, 34.980, 5, 1980, 03, 19, 0.191
2.28, -99.390, 35.510, 5, 1980, 05, 30, 0.240
2.34, -97.983, 35.402, 5, 1980, 06, 06, 0.149
2.18, -97.350, 34.000, 5, 1980, 07, 08, 0.240
2.88, -99.700, 35.180, 5, 1980, 07, 18, 0.240
2.55, -97.588, 34.096, 5, 1980, 08, 05, 0.297
2.02, -97.840, 35.470, 8, 1980, 11, 01, 0.500
2.68, -97.760, 35.460, 1, 1980, 11, 02, 0.240
2.18, -95.990, 35.380, 5, 1980, 11, 22, 0.240
2.08, -97.280, 33.910, 5, 1980, 12, 05, 0.240
2.76, -97.464, 34.855, 5, 1980, 12, 17, 0.147
2.24, -99.202, 35.707, 5, 1981, 02, 20, 0.149
2.21, -97.961, 35.601, 5, 1981, 03, 08, 0.149
2.18, -97.550, 34.950, 5, 1981, 07, 01, 0.240
2.36, -97.651, 34.955, 5, 1981, 07, 09, 0.187
1.88, -97.750, 34.880, 5, 1981, 07, 11, 0.240
3.18, -97.730, 34.850, 5, 1981, 07, 11, 0.240
2.29, -98.531, 36.480, 5, 1981, 09, 06, 0.189
2.58, -97.660, 36.390, 5, 1981, 12, 17, 0.240
2.38, -98.030, 35.710, 5, 1982, 01, 15, 0.240
2.18, -98.040, 35.700, 5, 1982, 03, 13, 0.240
2.28, -98.226, 36.908, 5, 1982, 03, 15, 0.191
2.29, -97.608, 34.832, 5, 1982, 03, 15, 0.189
2.26, -97.600, 34.780, 5, 1982, 03, 15, 0.190
2.26, -98.805, 34.593, 5, 1982, 03, 16, 0.192
2.26, -96.399, 34.729, 5, 1982, 03, 23, 0.150
2.78, -96.470, 33.990, 5, 1982, 05, 03, 0.240
2.38, -96.230, 34.470, 5, 1982, 08, 18, 0.240
2.18, -97.340, 34.010, 5, 1982, 09, 08, 0.240
2.34, -98.429, 34.894, 5, 1982, 09, 22, 0.149
2.38, -97.380, 34.460, 5, 1982, 12, 14, 0.240
2.58, -97.580, 34.890, 5, 1982, 12, 19, 0.240
2.24, -94.950, 35.290, 5, 1982, 12, 19, 0.313
2.36, -96.256, 35.305, 5, 1982, 12, 20, 0.187
2.48, -97.930, 35.400, 5, 1982, 12, 22, 0.240
2.18, -98.107, 36.704, 4, 1983, 01, 10, 0.240
2.42, -96.202, 35.035, 13, 1983, 03, 10, 0.148
2.38, -100.196, 36.791, 5, 1983, 03, 11, 0.240
2.32, -96.557, 35.309, 5, 1983, 03, 13, 0.309
2.38, -98.360, 34.827, 5, 1983, 05, 15, 0.240
2.48, -99.883, 34.718, 5, 1983, 05, 16, 0.240
2.58, -97.405, 34.959, 5, 1983, 06, 21, 0.240
2.38, -96.519, 34.667, 5, 1983, 07, 05, 0.188
2.58, -96.888, 34.817, 5, 1983, 10, 23, 0.240
2.23, -99.620, 35.284, 5, 1983, 12, 29, 0.149
2.77, -95.580, 36.160, 5, 1984, 01, 06, 0.250
2.20, -96.690, 35.234, 5, 1984, 01, 23, 0.190
2.48, -96.370, 35.030, 5, 1984, 01, 24, 0.240
2.88, -97.360, 34.670, 5, 1984, 02, 03, 0.240
2.68, -97.420, 34.050, 5, 1984, 02, 10, 0.500
2.26, -96.358, 35.485, 5, 1984, 02, 20, 0.190
2.28, -96.300, 35.510, 5, 1984, 03, 03, 0.240
2.24, -96.315, 35.117, 5, 1984, 03, 16, 0.149
2.55, -97.358, 35.020, 5, 1984, 07, 13, 0.297
2.18, -97.326, 34.767, 5, 1984, 08, 17, 0.240
2.28, -97.502, 34.741, 5, 1984, 10, 04, 0.240
2.78, -97.410, 34.710, 5, 1984, 11, 20, 0.240
2.18, -97.427, 34.924, 5, 1985, 01, 24, 0.240
2.48, -98.412, 36.433, 5, 1985, 02, 10, 0.240
2.28, -95.339, 34.661, 5, 1985, 02, 28, 0.149
2.18, -97.484, 34.656, 5, 1985, 05, 03, 0.240
2.58, -97.529, 34.664, 5, 1985, 05, 05, 0.240
1.88, -97.455, 34.836, 5, 1985, 05, 05, 0.240
1.98, -97.482, 34.969, 5, 1985, 05, 06, 0.240
2.30, -95.008, 35.378, 5, 1985, 08, 06, 0.150
2.85, -99.037, 35.964, 5, 1985, 08, 11, 0.250
2.34, -97.498, 34.751, 5, 1985, 08, 20, 0.149
2.41, -97.468, 34.759, 5, 1985, 08, 20, 0.189
2.38, -97.476, 34.732, 5, 1985, 08, 20, 0.149
2.47, -97.482, 34.759, 5, 1985, 08, 21, 0.301
2.70, -97.482, 34.759, 5, 1985, 08, 21, 0.290
2.39, -97.844, 34.382, 5, 1985, 08, 28, 0.305
2.58, -95.059, 34.725, 5, 1985, 09, 23, 0.240
2.24, -97.459, 34.703, 5, 1985, 12, 31, 0.313
2.38, -97.459, 34.703, 5, 1985, 12, 31, 0.240
2.32, -97.459, 34.703, 5, 1985, 12, 31, 0.309
2.24, -97.459, 34.703, 5, 1985, 12, 31, 0.313
2.29, -97.460, 34.704, 5, 1985, 12, 31, 0.189
2.35, -97.490, 34.765, 5, 1985, 12, 31, 0.189
2.55, -97.554, 34.197, 5, 1986, 01, 03, 0.297
2.55, -97.646, 35.851, 5, 1986, 01, 03, 0.297
2.18, -97.456, 34.728, 5, 1986, 01, 26, 0.240
2.55, -97.472, 34.748, 5, 1986, 01, 26, 0.297
2.38, -97.878, 35.348, 5, 1986, 01, 27, 0.149
2.32, -97.417, 34.626, 5, 1986, 02, 24, 0.150
2.28, -96.752, 34.706, 5, 1986, 06, 30, 0.149
2.36, -96.620, 34.591, 5, 1986, 07, 26, 0.149
2.26, -96.483, 34.684, 5, 1986, 09, 02, 0.161
2.28, -96.503, 34.477, 5, 1986, 09, 04, 0.240
2.44, -96.370, 34.884, 5, 1986, 09, 16, 0.188
2.77, -96.580, 35.257, 5, 1986, 10, 07, 0.250
2.30, -97.421, 34.750, 5, 1986, 10, 13, 0.150
2.41, -97.328, 35.766, 5, 1986, 12, 04, 0.149
2.48, -96.676, 35.142, 5, 1986, 12, 21, 0.240
2.32, -97.576, 34.815, 5, 1987, 01, 06, 0.309
2.39, -97.425, 34.552, 5, 1987, 01, 10, 0.149
2.29, -97.517, 35.051, 5, 1987, 01, 17, 0.189
2.78, -98.097, 35.828, 5, 1987, 01, 24, 0.240
2.43, -96.234, 34.318, 5, 1987, 01, 29, 0.149
2.48, -96.331, 34.790, 5, 1987, 03, 14, 0.240
2.32, -97.421, 34.817, 5, 1987, 04, 22, 0.309
2.21, -97.460, 34.798, 5, 1987, 04, 22, 0.149
2.20, -97.749, 35.455, 5, 1987, 05, 15, 0.190
2.58, -97.380, 34.615, 5, 1987, 06, 01, 0.240
2.20, -95.289, 35.188, 5, 1987, 07, 05, 0.190
2.20, -97.536, 35.119, 5, 1987, 09, 21, 0.190
2.56, -97.904, 35.328, 5, 1987, 10, 23, 0.149
2.25, -96.589, 35.215, 5, 1987, 10, 29, 0.148
2.28, -97.394, 34.664, 5, 1987, 12, 06, 0.240
2.39, -97.348, 34.581, 5, 1987, 12, 07, 0.305
3.38, -98.024, 36.055, 5, 1987, 12, 08, 0.240
2.18, -98.030, 36.056, 5, 1987, 12, 08, 0.240
2.26, -95.512, 34.877, 5, 1987, 12, 16, 0.190
2.38, -97.462, 34.619, 5, 1987, 12, 29, 0.190
2.22, -96.624, 34.644, 5, 1988, 01, 06, 0.149
2.32, -96.573, 35.414, 5, 1988, 03, 24, 0.188
2.26, -98.543, 36.310, 5, 1988, 03, 30, 0.188
2.45, -97.471, 34.682, 5, 1988, 04, 29, 0.149
2.40, -97.473, 34.663, 5, 1988, 04, 29, 0.148
2.39, -98.710, 34.030, 5, 1988, 06, 18, 0.305
2.62, -99.660, 33.970, 5, 1988, 06, 19, 0.294
2.44, -98.710, 35.910, 5, 1988, 07, 05, 0.148
2.49, -96.144, 34.091, 5, 1988, 10, 13, 0.149
2.24, -95.707, 36.575, 5, 1989, 01, 05, 0.313
2.39, -97.775, 34.361, 5, 1989, 01, 31, 0.305
2.54, -97.472, 34.918, 5, 1989, 01, 31, 0.185
2.36, -96.253, 34.431, 5, 1989, 03, 08, 0.148
2.24, -97.562, 34.778, 5, 1989, 04, 14, 0.313
2.39, -97.562, 34.774, 5, 1989, 04, 14, 0.305
2.24, -97.414, 35.984, 5, 1989, 05, 18, 0.313
2.24, -96.517, 34.585, 5, 1989, 07, 06, 0.313
2.32, -98.108, 35.667, 5, 1989, 07, 09, 0.309
2.24, -97.453, 35.326, 5, 1989, 07, 16, 0.313
2.26, -98.883, 36.360, 5, 1989, 07, 19, 0.190
2.38, -98.981, 36.405, 5, 1989, 07, 20, 0.240
2.26, -98.946, 36.362, 5, 1989, 07, 20, 0.190
2.78, -98.876, 36.434, 5, 1989, 07, 20, 0.240
2.24, -98.818, 36.382, 5, 1989, 07, 22, 0.313
2.32, -98.818, 36.382, 5, 1989, 07, 22, 0.309
2.35, -97.507, 34.918, 5, 1989, 08, 07, 0.189
2.32, -96.146, 34.012, 5, 1989, 08, 29, 0.309
2.32, -97.314, 34.503, 5, 1989, 09, 16, 0.309
2.47, -99.634, 36.335, 5, 1989, 12, 15, 0.187
2.55, -98.093, 36.402, 5, 1990, 01, 08, 0.297
2.77, -98.827, 35.629, 5, 1990, 02, 07, 0.250
2.85, -96.239, 35.057, 5, 1990, 04, 02, 0.284
2.59, -97.578, 34.734, 5, 1990, 04, 19, 0.189
2.22, -97.394, 34.816, 5, 1990, 05, 25, 0.149
2.39, -97.483, 34.831, 5, 1990, 06, 22, 0.305
2.78, -99.905, 34.885, 5, 1990, 07, 17, 0.184
2.47, -96.578, 34.593, 5, 1990, 08, 12, 0.189
2.28, -97.585, 34.976, 5, 1990, 09, 04, 0.191
2.18, -95.530, 34.800, 5, 1990, 09, 16, 0.240
2.24, -98.042, 35.941, 5, 1990, 10, 02, 0.313
2.92, -97.503, 34.777, 5, 1990, 10, 11, 0.151
2.39, -97.677, 34.794, 10, 1990, 11, 15, 0.305
3.28, -97.590, 34.760, 5, 1990, 11, 15, 0.240
2.47, -97.611, 34.787, 5, 1990, 11, 16, 0.187
2.26, -97.644, 34.836, 5, 1990, 11, 20, 0.149
2.34, -97.570, 34.668, 5, 1990, 11, 22, 0.149
2.68, -97.300, 36.378, 5, 1991, 01, 24, 0.240
2.39, -99.644, 35.511, 5, 1991, 03, 14, 0.305
2.70, -100.603, 36.659, 5, 1991, 03, 15, 0.290
2.47, -97.635, 34.812, 5, 1991, 04, 21, 0.187
2.39, -97.605, 34.714, 5, 1991, 04, 22, 0.305
2.39, -98.442, 35.098, 5, 1991, 04, 22, 0.305
2.55, -97.585, 34.768, 5, 1991, 04, 22, 0.297
2.47, -97.585, 34.741, 5, 1991, 04, 22, 0.301
2.62, -97.632, 34.799, 5, 1991, 04, 22, 0.294
2.31, -96.897, 35.627, 5, 1991, 05, 05, 0.185
2.26, -97.264, 36.256, 5, 1991, 07, 05, 0.190
2.30, -95.956, 34.477, 5, 1991, 07, 20, 0.149
2.25, -97.475, 36.423, 5, 1991, 08, 08, 0.148
2.37, -97.667, 34.741, 5, 1991, 10, 03, 0.149
2.26, -97.592, 34.768, 5, 1991, 12, 09, 0.190
2.24, -97.600, 34.752, 5, 1991, 12, 09, 0.313
2.39, -97.702, 34.893, 5, 1991, 12, 09, 0.149
2.26, -97.585, 34.026, 5, 1992, 01, 22, 0.188
2.26, -97.577, 34.039, 5, 1992, 02, 26, 0.149
2.55, -97.569, 34.049, 5, 1992, 03, 24, 0.297
2.32, -94.892, 34.038, 5, 1992, 05, 30, 0.190
2.59, -97.581, 33.994, 5, 1992, 05, 30, 0.187
2.93, -96.421, 35.261, 5, 1992, 06, 30, 0.250
2.27, -99.702, 35.869, 5, 1992, 07, 10, 0.186
2.24, -97.623, 36.099, 5, 1992, 07, 17, 0.313
2.38, -96.623, 34.618, 5, 1992, 08, 09, 0.199
3.08, -97.453, 34.982, 5, 1992, 08, 10, 0.250
2.55, -96.723, 35.974, 5, 1992, 10, 03, 0.297
2.23, -98.440, 35.199, 5, 1992, 10, 04, 0.149
3.00, -97.503, 36.402, 5, 1992, 10, 05, 0.250
2.32, -96.112, 35.321, 5, 1992, 10, 05, 0.309
2.26, -97.717, 34.921, 5, 1992, 11, 21, 0.188
2.28, -97.676, 34.837, 5, 1992, 11, 23, 0.149
2.28, -97.600, 34.756, 5, 1992, 12, 17, 0.240
3.18, -97.581, 34.744, 5, 1992, 12, 17, 0.240
2.39, -99.063, 34.657, 5, 1992, 12, 18, 0.305
2.93, -98.275, 35.595, 5, 1993, 01, 14, 0.164
2.78, -98.275, 36.595, 5, 1993, 01, 14, 0.240
2.50, -95.020, 34.860, 5, 1993, 01, 21, 0.188
2.62, -97.541, 34.716, 5, 1993, 02, 13, 0.294
2.55, -97.573, 34.748, 5, 1993, 02, 13, 0.297
2.32, -97.456, 34.790, 5, 1993, 02, 14, 0.309
2.38, -95.930, 35.210, 5, 1993, 03, 11, 0.240
2.24, -95.949, 35.301, 5, 1993, 03, 11, 0.313
2.20, -97.666, 34.835, 5, 1993, 03, 24, 0.190
2.29, -97.514, 34.911, 5, 1993, 04, 06, 0.189
2.50, -97.463, 34.593, 5, 1993, 05, 07, 0.188
2.54, -97.541, 34.738, 5, 1993, 05, 07, 0.150
2.54, -97.533, 34.898, 5, 1993, 05, 09, 0.149
2.22, -97.428, 34.792, 5, 1993, 06, 10, 0.191
2.32, -97.460, 34.854, 5, 1993, 07, 09, 0.309
2.52, -97.158, 34.038, 5, 1993, 07, 14, 0.185
2.34, -97.713, 34.859, 5, 1993, 10, 14, 0.151
2.77, -98.173, 36.546, 5, 1993, 10, 19, 0.148
2.62, -97.436, 34.847, 5, 1993, 10, 30, 0.149
2.32, -98.849, 36.898, 5, 1993, 11, 11, 0.309
2.24, -97.557, 36.091, 5, 1993, 12, 03, 0.313
2.26, -97.401, 34.839, 5, 1993, 12, 06, 0.150
2.70, -98.005, 35.934, 5, 1993, 12, 07, 0.290
2.35, -97.502, 34.648, 5, 1993, 12, 20, 0.189
2.32, -97.456, 34.524, 5, 1993, 12, 20, 0.309
2.34, -97.416, 34.976, 5, 1994, 01, 11, 0.149
2.35, -97.686, 34.773, 5, 1994, 02, 24, 0.148
2.39, -98.819, 35.547, 5, 1994, 04, 05, 0.305
2.28, -97.725, 34.690, 5, 1994, 04, 14, 0.149
2.53, -97.733, 34.643, 5, 1994, 04, 14, 0.189
2.45, -97.714, 34.643, 5, 1994, 04, 15, 0.150
2.24, -97.741, 34.670, 5, 1994, 04, 15, 0.150
2.62, -97.737, 34.648, 5, 1994, 04, 15, 0.294
2.50, -97.713, 34.601, 5, 1994, 04, 15, 0.192
2.85, -97.713, 34.663, 5, 1994, 04, 16, 0.147
2.47, -97.655, 34.823, 5, 1994, 04, 26, 0.301
2.48, -98.090, 36.250, 5, 1994, 04, 29, 0.240
2.62, -97.632, 34.760, 5, 1994, 05, 04, 0.294
2.24, -97.467, 34.662, 5, 1994, 05, 17, 0.313
2.55, -98.102, 35.565, 5, 1994, 05, 23, 0.297
2.55, -97.635, 34.881, 5, 1994, 05, 24, 0.297
2.48, -97.557, 34.676, 5, 1994, 07, 04, 0.240
2.24, -99.960, 35.159, 5, 1994, 08, 08, 0.313
2.39, -97.710, 34.768, 5, 1994, 09, 23, 0.305
2.24, -97.684, 34.815, 5, 1994, 09, 23, 0.313
2.47, -97.494, 34.882, 5, 1994, 10, 01, 0.150
2.35, -97.471, 34.679, 5, 1994, 10, 13, 0.151
2.55, -99.058, 35.954, 5, 1994, 11, 13, 0.297
2.39, -97.523, 34.794, 5, 1994, 12, 20, 0.305
2.24, -97.519, 34.805, 5, 1994, 12, 20, 0.313
2.32, -97.534, 34.830, 5, 1994, 12, 20, 0.309
2.39, -97.538, 34.759, 5, 1994, 12, 20, 0.305
2.24, -97.523, 34.770, 5, 1994, 12, 20, 0.313
2.24, -97.503, 34.792, 5, 1994, 12, 20, 0.313
2.55, -97.531, 34.778, 5, 1994, 12, 20, 0.297
2.24, -97.491, 34.762, 5, 1994, 12, 20, 0.313
2.77, -97.499, 34.700, 5, 1994, 12, 22, 0.287
2.22, -97.463, 34.671, 5, 1994, 12, 23, 0.150
2.53, -96.184, 35.451, 5, 1995, 01, 06, 0.187
3.68, -97.596, 34.774, 5, 1995, 01, 18, 0.240
2.64, -97.413, 34.676, 5, 1995, 01, 18, 0.149
2.47, -97.583, 34.934, 5, 1995, 02, 14, 0.301
2.24, -97.753, 34.748, 5, 1995, 02, 14, 0.313
2.39, -97.694, 34.692, 5, 1995, 02, 14, 0.305
2.24, -97.714, 34.791, 5, 1995, 02, 15, 0.313
2.32, -97.768, 34.760, 5, 1995, 02, 15, 0.309
2.50, -97.517, 34.739, 5, 1995, 02, 23, 0.149
2.32, -98.466, 36.460, 5, 1995, 02, 24, 0.309
2.48, -99.600, 36.900, 5, 1995, 03, 23, 0.240
2.22, -97.678, 34.835, 5, 1995, 03, 30, 0.149
2.53, -97.729, 34.820, 5, 1995, 03, 30, 0.187
2.32, -97.077, 34.380, 5, 1995, 03, 31, 0.309
2.48, -96.619, 34.210, 5, 1995, 04, 02, 0.150
2.32, -96.559, 34.099, 5, 1995, 04, 02, 0.150
2.32, -97.124, 34.312, 5, 1995, 04, 04, 0.309
2.24, -97.776, 35.279, 5, 1995, 04, 04, 0.313
2.48, -99.028, 35.200, 5, 1995, 04, 05, 0.240
2.32, -97.769, 34.762, 5, 1995, 04, 20, 0.309
2.26, -97.779, 34.759, 5, 1995, 04, 20, 0.150
2.68, -96.732, 34.287, 5, 1995, 06, 01, 0.240
2.28, -96.659, 34.180, 5, 1995, 06, 07, 0.151
2.25, -96.406, 34.270, 5, 1995, 06, 27, 0.153
2.42, -97.682, 34.835, 5, 1995, 07, 20, 0.176
2.47, -97.799, 34.803, 5, 1995, 08, 21, 0.301
3.48, -98.690, 36.870, 5, 1995, 09, 15, 0.240
2.47, -97.443, 33.962, 5, 1995, 09, 25, 0.301
2.39, -97.445, 34.020, 5, 1995, 09, 25, 0.305
2.55, -99.629, 36.146, 5, 1995, 10, 01, 0.297
2.58, -99.337, 35.061, 5, 1995, 12, 01, 0.240
2.79, -98.897, 35.155, 5, 1995, 12, 01, 0.148
2.24, -98.460, 34.268, 5, 1995, 12, 04, 0.313
2.36, -97.741, 34.723, 5, 1995, 12, 14, 0.149
2.28, -97.765, 34.719, 5, 1995, 12, 14, 0.191
2.32, -97.743, 34.778, 5, 1995, 12, 14, 0.309
2.22, -97.687, 34.676, 5, 1995, 12, 14, 0.149
2.47, -97.960, 35.114, 5, 1995, 12, 14, 0.301
2.32, -97.710, 34.745, 5, 1995, 12, 14, 0.309
2.47, -97.747, 34.757, 5, 1995, 12, 14, 0.301
2.51, -97.734, 34.770, 5, 1995, 12, 15, 0.148
2.32, -98.717, 34.909, 5, 1996, 03, 03, 0.309
2.47, -98.311, 34.315, 5, 1996, 05, 29, 0.301
2.24, -97.867, 35.927, 5, 1996, 09, 13, 0.151
2.18, -97.647, 35.081, 5, 1996, 12, 19, 0.240
2.47, -97.792, 35.625, 5, 1997, 01, 03, 0.301
2.24, -97.437, 34.716, 5, 1997, 01, 10, 0.151
2.41, -96.027, 34.212, 5, 1997, 02, 05, 0.149
2.32, -97.421, 34.731, 5, 1997, 02, 27, 0.309
2.18, -97.499, 34.720, 5, 1997, 03, 11, 0.240
2.34, -97.415, 34.725, 5, 1997, 03, 11, 0.262
2.39, -97.437, 34.731, 5, 1997, 03, 11, 0.305
2.39, -97.452, 34.747, 5, 1997, 03, 11, 0.305
2.24, -98.373, 36.238, 5, 1997, 03, 21, 0.313
2.32, -99.271, 36.054, 5, 1997, 03, 21, 0.309
2.27, -99.396, 36.042, 5, 1997, 03, 21, 0.149
2.24, -97.187, 34.395, 5, 1997, 05, 17, 0.313
2.24, -97.991, 35.580, 5, 1997, 05, 23, 0.313
2.24, -97.604, 35.053, 5, 1997, 05, 23, 0.313
2.39, -97.585, 34.846, 5, 1997, 05, 23, 0.305
2.47, -97.585, 35.121, 5, 1997, 05, 23, 0.301
2.32, -97.581, 35.127, 5, 1997, 05, 23, 0.309
2.39, -98.069, 35.619, 5, 1997, 05, 23, 0.305
2.30, -97.468, 34.696, 5, 1997, 06, 28, 0.149
2.32, -98.350, 35.799, 5, 1997, 07, 07, 0.309
2.32, -99.146, 35.917, 5, 1997, 07, 07, 0.309
2.24, -96.346, 35.589, 5, 1997, 08, 04, 0.313
2.34, -97.408, 35.038, 5, 1997, 08, 10, 0.191
2.47, -97.424, 35.015, 5, 1997, 08, 16, 0.301
2.32, -97.210, 34.419, 5, 1997, 08, 16, 0.309
2.85, -95.300, 35.095, 5, 1997, 08, 23, 0.284
4.18, -96.435, 34.660, 5, 1997, 09, 06, 0.240
2.32, -97.734, 34.966, 5, 1997, 09, 18, 0.309
2.32, -97.741, 34.966, 5, 1997, 09, 18, 0.309
2.24, -97.713, 34.929, 5, 1997, 09, 18, 0.313
2.24, -97.444, 34.451, 5, 1997, 09, 18, 0.313
2.22, -97.687, 34.861, 5, 1997, 09, 18, 0.150
2.24, -96.304, 34.462, 5, 1997, 09, 21, 0.313
2.39, -97.538, 34.809, 5, 1997, 10, 12, 0.305
2.32, -96.351, 35.122, 5, 1997, 10, 14, 0.309
2.70, -101.625, 36.863, 5, 1997, 11, 14, 0.290
2.32, -97.109, 34.372, 5, 1997, 11, 21, 0.309
2.77, -95.968, 34.895, 5, 1997, 12, 06, 0.142
2.24, -97.698, 34.569, 5, 1997, 12, 22, 0.313
2.47, -99.209, 35.191, 5, 1998, 02, 15, 0.301
2.24, -96.767, 34.234, 8, 1998, 03, 18, 0.313
2.24, -97.658, 35.292, 0, 1998, 04, 01, 0.313
2.47, -97.476, 34.923, 2, 1998, 04, 02, 0.301
2.32, -97.478, 34.957, 3, 1998, 04, 08, 0.309
3.88, -98.510, 34.940, 19, 1998, 04, 28, 0.100
2.24, -97.445, 35.541, 5, 1998, 06, 12, 0.313
2.24, -97.741, 34.800, 5, 1998, 06, 30, 0.313
2.50, -97.741, 34.800, 18, 1998, 07, 01, 0.188
2.55, -97.721, 34.819, 9, 1998, 07, 01, 0.297
2.39, -97.553, 35.006, 5, 1998, 07, 01, 0.305
2.39, -97.725, 35.092, 5, 1998, 07, 02, 0.305
2.62, -97.726, 34.855, 5, 1998, 07, 02, 0.294
2.47, -97.731, 34.865, 3, 1998, 07, 02, 0.301
2.88, -97.589, 34.719, 5, 1998, 07, 07, 0.240
2.24, -96.904, 35.460, 5, 1998, 07, 07, 0.313
2.32, -97.572, 34.791, 6, 1998, 07, 09, 0.309
2.47, -97.519, 34.735, 5, 1998, 07, 09, 0.301
2.55, -97.478, 34.684, 5, 1998, 07, 09, 0.297
2.39, -96.352, 34.422, 5, 1998, 07, 14, 0.305
2.24, -97.886, 35.196, 10, 1998, 07, 22, 0.313
2.32, -96.391, 33.815, 5, 1998, 09, 15, 0.309
2.56, -95.493, 35.994, 17, 1998, 10, 25, 0.265
2.39, -97.734, 34.905, 4, 1998, 10, 29, 0.305
3.18, -97.600, 36.800, 5, 1998, 10, 30, 0.240
2.32, -98.856, 35.263, 13, 1998, 11, 04, 0.309
2.55, -97.719, 34.790, 16, 1999, 02, 13, 0.297
2.32, -97.696, 34.796, 6, 1999, 04, 16, 0.309
2.47, -97.740, 34.763, 14, 1999, 04, 16, 0.301
2.47, -96.541, 36.491, 5, 1999, 05, 06, 0.301
2.32, -97.535, 36.321, 13, 1999, 05, 14, 0.309
2.62, -96.139, 34.513, 5, 1999, 05, 17, 0.294
2.32, -96.224, 35.054, 18, 1999, 09, 17, 0.309
2.73, -100.070, 36.946, 5, 1999, 10, 25, 0.148
2.68, -99.659, 36.846, 26, 1999, 10, 25, 0.240
2.47, -97.819, 35.805, 9, 1999, 10, 31, 0.301
2.70, -98.946, 36.220, 5, 1999, 11, 22, 0.290
2.79, -95.095, 34.674, 18, 2000, 01, 14, 0.148
2.24, -97.560, 34.312, 18, 2000, 04, 09, 0.313
2.48, -97.567, 36.270, 18, 2000, 04, 11, 0.144
2.20, -96.792, 35.359, 5, 2000, 04, 11, 0.151
2.28, -97.980, 35.393, 5, 2000, 10, 08, 0.240
2.28, -98.255, 35.825, 5, 2000, 11, 10, 0.149
2.22, -97.807, 34.774, 11, 2000, 11, 11, 0.150
2.28, -97.475, 34.663, 5, 2001, 02, 21, 0.151
2.38, -97.634, 34.703, 5, 2001, 07, 18, 0.190
2.24, -97.645, 34.795, 5, 2001, 07, 22, 0.150
2.32, -94.948, 36.463, 5, 2001, 08, 15, 0.309
2.53, -98.818, 34.898, 5, 2001, 09, 02, 0.149
2.23, -97.653, 34.843, 5, 2001, 11, 09, 0.189
2.55, -97.640, 34.781, 5, 2001, 11, 09, 0.173
2.20, -97.571, 35.643, 5, 2001, 12, 16, 0.144
2.28, -97.530, 34.000, 5, 2002, 01, 25, 0.240
3.48, -98.361, 34.727, 5, 2002, 02, 08, 0.240
2.84, -97.623, 35.000, 5, 2002, 05, 31, 0.122
2.98, -97.619, 34.025, 5, 2002, 05, 31, 0.240
2.30, -97.563, 34.004, 5, 2002, 07, 09, 0.149
2.39, -98.852, 36.006, 5, 2002, 07, 28, 0.305
2.55, -97.462, 34.276, 5, 2002, 08, 13, 0.297
2.47, -97.667, 35.150, 5, 2002, 09, 15, 0.301
2.39, -97.239, 34.435, 5, 2002, 09, 22, 0.305
2.32, -97.990, 35.578, 5, 2002, 09, 22, 0.309
2.32, -98.121, 35.567, 5, 2002, 09, 22, 0.309
2.32, -98.092, 35.461, 5, 2002, 09, 22, 0.309
2.47, -98.048, 35.412, 5, 2002, 09, 22, 0.301
2.32, -98.068, 35.385, 5, 2002, 09, 22, 0.309
2.53, -97.987, 35.472, 5, 2002, 09, 22, 0.148
3.08, -96.079, 34.274, 5, 2002, 10, 20, 0.240
2.20, -97.583, 34.822, 5, 2002, 10, 31, 0.190
2.41, -97.584, 34.021, 5, 2002, 11, 06, 0.189
2.35, -94.878, 34.768, 5, 2002, 12, 05, 0.189
2.39, -97.556, 34.280, 5, 2003, 01, 12, 0.305
2.32, -97.568, 34.991, 5, 2003, 03, 31, 0.309
2.58, -97.695, 33.892, 5, 2003, 04, 07, 0.240
2.24, -96.943, 34.283, 5, 2003, 05, 05, 0.313
2.27, -97.599, 34.086, 5, 2003, 06, 06, 0.144
2.54, -96.461, 34.420, 5, 2003, 07, 20, 0.185
2.43, -96.698, 35.359, 5, 2003, 07, 20, 0.185
2.24, -96.862, 34.280, 5, 2003, 09, 11, 0.313
2.36, -97.527, 35.074, 10, 2003, 09, 20, 0.187
2.47, -96.894, 34.192, 5, 2003, 10, 24, 0.301
2.50, -97.622, 34.822, 5, 2003, 10, 24, 0.148
2.24, -98.024, 35.422, 5, 2003, 10, 31, 0.313
2.55, -98.036, 35.532, 5, 2003, 11, 01, 0.297
2.30, -97.626, 35.249, 5, 2003, 12, 08, 0.177
2.59, -97.525, 35.120, 5, 2003, 12, 08, 0.176
2.47, -97.554, 35.091, 5, 2003, 12, 09, 0.301
2.70, -97.479, 35.247, 5, 2003, 12, 10, 0.290
2.50, -97.540, 35.138, 5, 2003, 12, 11, 0.143
2.39, -97.767, 34.838, 5, 2004, 01, 08, 0.186
2.93, -97.726, 34.838, 5, 2004, 01, 17, 0.255
2.99, -97.625, 34.792, 5, 2004, 01, 17, 0.253
2.32, -97.612, 34.093, 5, 2004, 01, 19, 0.309
2.39, -97.877, 34.133, 5, 2004, 01, 19, 0.149
2.32, -96.861, 34.225, 5, 2004, 01, 19, 0.309
2.47, -97.831, 34.230, 5, 2004, 01, 19, 0.301
2.55, -96.240, 34.806, 5, 2004, 03, 17, 0.297
2.62, -95.887, 34.601, 5, 2004, 03, 19, 0.294
2.55, -96.672, 34.732, 5, 2004, 03, 23, 0.297
2.48, -98.733, 34.957, 5, 2004, 03, 29, 0.185
2.39, -97.609, 34.747, 5, 2004, 04, 05, 0.305
2.32, -97.582, 34.814, 5, 2004, 04, 12, 0.188
2.58, -97.677, 34.804, 5, 2004, 04, 22, 0.240
3.45, -97.307, 34.041, 5, 2004, 06, 08, 0.156
3.18, -97.254, 34.233, 5, 2004, 06, 08, 0.240
2.58, -97.267, 34.236, 5, 2004, 06, 10, 0.240
2.55, -97.697, 33.967, 5, 2004, 06, 10, 0.173
2.55, -97.029, 34.215, 5, 2004, 07, 09, 0.297
2.39, -97.952, 35.259, 5, 2004, 07, 09, 0.305
2.55, -98.224, 35.332, 5, 2004, 09, 09, 0.297
2.62, -98.153, 35.259, 5, 2004, 09, 10, 0.294
2.24, -98.241, 35.277, 5, 2004, 09, 10, 0.313
2.70, -98.235, 35.332, 5, 2004, 09, 10, 0.290
2.47, -98.184, 35.342, 5, 2004, 09, 10, 0.301
2.65, -98.153, 35.454, 5, 2004, 09, 10, 0.142
2.39, -98.380, 35.286, 5, 2004, 09, 10, 0.305
2.48, -98.048, 35.369, 5, 2004, 09, 10, 0.240
2.32, -97.503, 34.845, 5, 2004, 09, 10, 0.309
2.24, -97.073, 34.391, 5, 2004, 09, 13, 0.313
2.47, -97.571, 34.845, 5, 2004, 09, 25, 0.301
2.55, -96.899, 34.251, 5, 2004, 10, 13, 0.297
2.24, -96.152, 35.110, 5, 2004, 10, 16, 0.313
2.62, -96.441, 34.490, 5, 2004, 10, 17, 0.294
2.47, -96.135, 34.691, 5, 2004, 10, 30, 0.301
2.39, -97.795, 33.927, 5, 2004, 10, 31, 0.305
2.39, -97.517, 34.836, 5, 2004, 10, 31, 0.305
2.68, -97.672, 34.864, 5, 2004, 11, 22, 0.240
2.50, -97.575, 34.866, 5, 2004, 12, 08, 0.221
2.83, -97.609, 34.815, 5, 2004, 12, 21, 0.221
1.58, -97.682, 34.070, 5, 2005, 02, 04, 0.240
2.88, -95.238, 34.238, 5, 2005, 02, 06, 0.240
2.08, -98.676, 36.504, 5, 2005, 02, 12, 0.240
2.68, -95.192, 34.179, 5, 2005, 04, 22, 0.240
2.48, -97.608, 35.250, 5, 2005, 05, 16, 0.240
2.18, -98.069, 34.320, 5, 2005, 05, 19, 0.240
2.55, -96.818, 34.685, 5, 2005, 07, 25, 0.250
2.93, -98.765, 36.808, 5, 2005, 08, 21, 0.250
2.32, -96.171, 33.946, 5, 2005, 08, 25, 0.250
2.32, -95.986, 35.280, 5, 2005, 09, 29, 0.250
1.86, -97.496, 34.981, 5, 2005, 10, 22, 0.250
2.09, -97.484, 35.003, 5, 2005, 10, 22, 0.250
2.09, -97.468, 34.795, 5, 2005, 10, 26, 0.250
2.62, -97.899, 36.733, 5, 2005, 10, 28, 0.250
1.86, -96.108, 34.729, 5, 2005, 11, 01, 0.250
2.24, -96.098, 34.643, 5, 2005, 11, 28, 0.250
2.09, -96.067, 34.681, 5, 2005, 11, 30, 0.250
2.32, -95.024, 34.562, 5, 2005, 12, 05, 0.250
2.32, -97.297, 36.462, 5, 2005, 12, 08, 0.250
2.32, -95.904, 34.687, 5, 2005, 12, 13, 0.250
2.55, -96.478, 34.279, 5, 2005, 12, 18, 0.250
2.32, -95.777, 35.559, 5, 2008, 03, 16, 0.250
2.39, -95.787, 36.197, 0, 2010, 02, 15, 0.250
2.62, -95.480, 35.591, 5, 2010, 02, 23, 0.250
2.09, -98.841, 34.922, 0, 2010, 04, 07, 0.250
2.32, -98.843, 34.925, 0, 2010, 05, 13, 0.250
2.32, -95.081, 35.807, 0, 2010, 06, 02, 0.250
2.39, -95.130, 35.977, 4, 2010, 06, 02, 0.250
2.24, -95.461, 36.941, 101, 2010, 06, 02, 0.250
2.55, -95.391, 36.731, 5, 2010, 06, 02, 0.250
2.16, -95.369, 36.666, 0, 2010, 06, 03, 0.250
1.86, -95.382, 35.141, 3, 2010, 06, 14, 0.250
2.47, -98.804, 34.947, 5, 2010, 06, 30, 0.250
2.47, -95.441, 36.714, 0, 2010, 07, 07, 0.250
2.55, -94.967, 35.315, 0, 2010, 07, 08, 0.250
2.09, -98.836, 34.926, 0, 2010, 07, 22, 0.250
1.94, -95.706, 36.250, 3, 2010, 07, 23, 0.250
2.16, -95.381, 34.053, 0, 2010, 07, 26, 0.250
1.78, -98.565, 34.690, 5, 2010, 07, 29, 0.250
2.24, -98.626, 34.961, 0, 2010, 09, 07, 0.250
2.85, -95.788, 36.231, 0, 2010, 09, 10, 0.250
2.09, -99.056, 34.658, 0, 2010, 09, 14, 0.250
2.70, -95.039, 35.350, 0, 2010, 09, 14, 0.250
2.55, -95.815, 36.214, 1, 2010, 09, 29, 0.250
2.93, -95.584, 35.018, 5, 2010, 10, 19, 0.250
2.55, -95.419, 34.360, 16, 2010, 10, 22, 0.250
2.55, -95.823, 36.225, 0, 2010, 11, 16, 0.250
2.62, -95.821, 36.218, 0, 2010, 12, 02, 0.250
2.16, -98.657, 34.938, 0, 2010, 12, 14, 0.250
2.09, -98.660, 34.929, 0, 2011, 01, 21, 0.250
3.00, -94.831, 36.672, 0, 2011, 01, 24, 0.250
2.70, -95.003, 36.649, 4, 2011, 01, 24, 0.250
2.55, -95.055, 35.301, 0, 2011, 01, 24, 0.250
2.16, -95.964, 36.187, 1, 2011, 01, 24, 0.250
2.32, -98.660, 34.719, 0, 2011, 02, 04, 0.250
2.93, -99.667, 35.751, 5, 2011, 02, 19, 0.250
2.39, -99.032, 34.636, 0, 2011, 03, 07, 0.250
2.62, -99.597, 35.117, 4, 2011, 03, 10, 0.250
2.62, -99.592, 35.123, 0, 2011, 03, 10, 0.250
2.16, -95.665, 36.277, 17, 2011, 03, 28, 0.250
2.47, -99.665, 36.864, 3, 2011, 04, 08, 0.250
2.62, -95.840, 36.233, 3, 2011, 06, 15, 0.250
2.16, -94.829, 33.913, 0, 2011, 06, 16, 0.250
3.00, -95.033, 35.317, 3, 2011, 07, 26, 0.250
2.77, -95.335, 35.727, 3, 2011, 10, 17, 0.250
2.47, -95.418, 36.702, 0, 2011, 10, 17, 0.250
2.77, -95.825, 36.224, 3, 2011, 10, 24, 0.250
2.47, -95.136, 35.362, 0, 2012, 02, 06, 0.250
2.01, -98.404, 34.598, 11, 2012, 04, 09, 0.250
2.16, -95.376, 36.792, 0, 2012, 05, 10, 0.250
2.47, -94.999, 35.309, 0, 2012, 12, 10, 0.250
2.09, -95.046, 35.380, 0, 2013, 02, 07, 0.250
2.47, -95.427, 36.787, 0, 2013, 02, 08, 0.250
2.01, -95.436, 36.863, 0, 2013, 02, 12, 0.250
2.47, -95.813, 36.266, 0, 2013, 02, 22, 0.250
2.47, -95.694, 36.241, 0, 2013, 03, 06, 0.250
2.47, -95.109, 35.298, 0, 2013, 03, 11, 0.250
2.77, -98.403, 34.705, 8, 2013, 04, 05, 0.250
2.47, -95.563, 35.850, 0, 2013, 04, 05, 0.250
2.32, -95.437, 36.752, 0, 2013, 04, 19, 0.250
2.70, -95.297, 33.932, 4, 2013, 05, 01, 0.250
2.62, -95.494, 35.311, 5, 2013, 05, 10, 0.250
2.24, -95.135, 35.325, 0, 2013, 06, 03, 0.250
2.55, -95.833, 36.250, 0, 2013, 06, 25, 0.250
3.00, -95.589, 34.621, 15, 2013, 06, 29, 0.250
2.55, -95.834, 36.190, 0, 2013, 07, 02, 0.250
2.62, -95.742, 36.219, 5, 2013, 07, 31, 0.250
2.39, -95.742, 36.245, 0, 2013, 08, 07, 0.250
2.39, -95.548, 35.826, 0, 2013, 08, 09, 0.250
2.16, -95.681, 35.535, 5, 2013, 08, 11, 0.250
2.32, -95.786, 36.231, 0, 2013, 08, 15, 0.250
2.62, -95.292, 35.808, 0, 2013, 08, 16, 0.250
2.39, -95.342, 36.707, 0, 2013, 08, 17, 0.250
2.55, -95.793, 36.229, 0, 2013, 08, 20, 0.250
2.62, -95.252, 36.873, 0, 2013, 09, 03, 0.250
2.62, -99.718, 35.443, 5, 2013, 11, 08, 0.250
2.77, -94.912, 34.270, 4, 2013, 11, 10, 0.250
2.47, -95.835, 36.224, 0, 2013, 11, 11, 0.250
2.77, -94.851, 34.240, 5, 2013, 11, 12, 0.250
2.47, -95.746, 36.252, 5, 2013, 11, 14, 0.250
2.62, -95.059, 35.330, 0, 2013, 11, 14, 0.250
2.47, -95.128, 35.855, 0, 2013, 11, 25, 0.250
2.55, -95.811, 36.230, 1, 2013, 11, 25, 0.250
2.70, -95.325, 36.604, 4, 2014, 01, 27, 0.250
2.47, -95.769, 36.254, 0, 2014, 02, 13, 0.250
2.39, -99.278, 35.345, 5, 2014, 02, 18, 0.250
2.24, -95.405, 36.615, 84, 2014, 04, 01, 0.250
2.16, -98.855, 34.913, 5, 2014, 07, 07, 0.250
2.32, -98.921, 34.618, 10, 2014, 07, 07, 0.250
2.47, -95.424, 36.624, 5, 2014, 07, 18, 0.250
2.24, -95.780, 36.242, 22, 2014, 07, 21, 0.250
2.47, -95.429, 36.624, 5, 2014, 07, 22, 0.250
2.09, -98.677, 34.729, 5, 2014, 07, 31, 0.250
2.32, -95.843, 36.224, 1, 2014, 11, 05, 0.250
2.47, -95.828, 36.225, 0, 2014, 11, 24, 0.250
2.08, -95.792, 36.256, 1, 2015, 01, 15, 0.240
2.32, -95.068, 35.325, 5, 2015, 03, 11, 0.250
2.32, -95.288, 35.165, 5, 2015, 05, 11, 0.250
2.47, -95.560, 34.564, 22, 2015, 05, 14, 0.250
2.24, -95.181, 35.931, 5, 2015, 06, 05, 0.250
2.28, -95.949, 36.428, 5, 2015, 09, 03, 0.240
2.38, -95.780, 36.530, 5, 2016, 01, 14, 0.240
2.93, -99.250, 36.210, 0, 2016, 03, 18, 0.250
3.00, -99.216, 36.206, 0, 2016, 03, 18, 0.250
3.00, -99.244, 36.213, 0, 2016, 03, 18, 0.250
3.08, -99.259, 36.230, 7, 2016, 03, 18, 0.250
2.28, -99.172, 36.170, 5, 2016, 03, 19, 0.240
2.77, -99.256, 36.222, 4, 2016, 03, 19, 0.250
2.28, -100.016, 36.766, 5, 2016, 03, 25, 0.240
2.93, -94.962, 35.672, 5, 2016, 04, 03, 0.250
2.62, -99.680, 36.700, 3, 2016, 06, 20, 0.250
2.93, -99.720, 36.838, 2, 2016, 07, 09, 0.250
2.62, -99.710, 36.811, 3, 2016, 07, 15, 0.250
2.16, -95.973, 35.907, 39, 2016, 10, 13, 0.250
2.01, -95.335, 35.265, 4, 2016, 10, 24, 0.250
2.70, -99.828, 36.648, 3, 2016, 11, 30, 0.250
